time,original_signal,deconvolved_signal
0,0.0,0.0
1,0.0,0.0
2,0.0,0.0
3,0.0,0.0
4,0.0,0.0
5,0.0,0.0
6,0.0,0.0
7,0.0,0.0
8,0.0,0.0
9,0.0,0.0
10,0.0,0.0
11,0.0,0.0
12,0.0,0.0
13,0.0,0.0
14,0.0,0.0
15,0.0,0.0
16,0.0,0.0
17,0.0,0.0
18,0.0,0.0
19,0.0,0.0
20,0.0,0.0
21,0.0,0.0
22,0.0,0.0
23,0.0,0.0
24,0.0,0.0
25,0.0,0.0
26,0.0,0.0
27,0.0,0.0
28,0.0,0.0
29,0.0,0.0
30,0.0,0.0
31,0.0,0.0
32,0.0,0.0
33,0.0,0.0
34,0.0,0.0
35,0.0,0.0
36,0.0,0.0
37,0.0,0.0
38,0.0,0.0
39,0.0,0.0
40,0.0,0.0
41,0.0,0.0
42,0.0,0.0
43,0.0,0.0
44,0.0,0.0
45,0.0,0.0
46,0.0,0.0
47,0.0,0.0
48,0.0,0.0
49,0.0,0.0
50,0.0,0.0
51,0.0,0.0
52,0.0,0.0
53,0.0,0.0
54,0.0,0.0
55,0.0,0.0
56,0.0,0.0
57,0.0,0.0
58,0.0,0.0
59,0.0,0.0
60,0.0,0.0
61,0.0,0.0
62,0.0,0.0
63,0.0,0.0
64,0.0,0.0
65,0.0,0.0
66,0.0,0.0
67,0.0,0.0
68,0.0,0.0
69,0.0,0.0
70,0.0,0.0
71,0.0,0.0
72,0.0,0.0
73,0.0,0.0
74,0.0,0.0
75,0.0,0.0
76,0.0,0.0
77,0.0,0.0
78,0.0,0.0
79,0.0,0.0
80,0.0,0.0
81,0.0,0.0
82,0.0,0.0
83,0.0,0.0
84,0.0,0.0
85,0.0,0.0
86,0.0,0.0
87,0.0,0.0
88,0.0,0.0
89,0.0,0.0
90,0.0,0.0
91,0.0,0.0
92,0.0,0.0
93,0.0,0.0
94,0.0,0.0
95,0.0,0.0
96,0.0,0.0
97,0.0,0.0
98,0.0,0.0
99,0.0,0.0
100,0.0,0.0
101,0.0,0.0
102,0.0,0.0
103,0.0,0.0
104,0.0,0.0
105,0.0,0.0
106,0.0,0.0
107,0.0,0.0
108,0.0,0.0
109,0.0,0.0
110,0.0,0.0
111,0.0,0.0
112,0.0,0.0
113,0.0,0.0
114,0.0,0.0
115,0.0,0.0
116,0.0,0.0
117,0.0,0.0
118,0.0,0.0
119,0.0,0.0
120,0.0,0.0
121,0.0,0.0
122,0.0,0.0
123,0.0,0.0
124,0.0,0.0
125,0.0,0.0
126,0.0,0.0
127,0.0,0.0
128,0.0,0.0
129,0.0,0.0
130,0.0,0.0
131,0.0,0.0
132,0.0,0.0
133,0.0,0.0
134,0.0,0.0
135,0.0,0.0
136,0.0,0.0
137,0.0,0.0
138,0.0,0.0
139,0.0,0.0
140,0.0,0.0
141,0.0,0.0
142,0.0,0.0
143,0.0,0.0
144,0.0,0.0
145,0.0,0.0
146,0.0,0.0
147,0.0,0.0
148,0.0,0.0
149,0.0,0.0
150,0.0,0.0
151,0.0,0.0
152,0.0,0.0
153,0.0,0.0
154,0.0,0.0
155,0.0,0.0
156,0.0,0.0
157,0.0,0.0
158,0.0,0.0
159,0.0,0.0
160,0.0,0.0
161,0.0,0.0
162,0.0,0.0
163,0.0,0.0
164,0.0,0.0
165,0.0,0.0
166,0.0,0.0
167,0.0,0.0
168,0.0,0.0
169,0.0,0.0
170,0.0,0.0
171,0.0,0.0
172,0.0,0.0
173,0.0,0.0
174,0.0,0.0
175,0.0,0.0
176,0.0,0.0
177,0.0,0.0
178,0.0,0.0
179,0.0,0.0
180,0.0,0.0
181,0.0,0.0
182,0.0,0.0
183,0.0,0.0
184,0.0,0.0
185,0.0,0.0
186,0.0,0.0
187,0.0,0.0
188,0.0,0.0
189,0.0,0.0
190,0.0,0.0
191,0.0,0.0
192,0.0,0.0
193,0.0,0.0
194,0.0,0.0
195,0.0,0.0
196,0.0,0.0
197,0.0,0.0
198,0.0,0.0
199,0.0,0.018804010816978675
200,0.0,0.0733831563969746
201,0.071353748,0.2200192464234567
202,0.18988425,0.42531732114053156
203,0.2875919,0.6155594386069408
204,0.3682425,0.7667738482562705
205,0.4349193,0.8675945418439924
206,0.49014676,0.9320859783556441
207,0.53599185,0.9710118813236353
208,0.57414699,0.992264980282384
209,0.60599786,1.001583440417631
210,0.63267922,1.003096938403799
211,0.65512007,0.9997406544804618
212,0.67408121,0.9935690250450648
213,0.69018561,0.9859916603938937
214,0.70394343,0.9779505329525777
215,0.71577245,0.9700519758463186
216,0.72601485,0.9626647531291175
217,0.73495078,0.9559920526744848
218,0.74280983,0.9501244698393081
219,0.74978,0.9450779550289652
220,0.7560153,0.9408212881990574
221,0.76164192,0.9372952243227918
222,0.76676339,0.9344260642195955
223,0.77146435,0.9321342942104004
224,0.77581435,0.9303409678627843
225,0.77987033,0.9289709926910229
226,0.78367913,0.9279556176067159
227,0.78727901,0.9272330931247603
228,0.79070145,0.9267492749799483
229,0.79397237,0.92645741853888
230,0.797113,0.9263176337685316
231,0.80014086,0.9262964253427515
232,0.80307031,0.9263658140530451
233,0.80591327,0.9265031429236997
234,0.80867946,0.9266897892963861
235,0.81137705,0.9268933979304714
236,0.81401271,0.9271222496944833
237,0.81654096,0.9273154162608324
238,0.81906956,0.9275678347904921
239,0.82155019,0.9278211174284264
240,0.82398617,0.9280881961206962
241,0.82638025,0.9283454626674376
242,0.8287347,0.9285910691554797
243,0.83105141,0.9288240304608454
244,0.83333218,0.9290440059659758
245,0.83557838,0.9292508378409793
246,0.83779126,0.9294446935164836
247,0.83997196,0.9296259518370932
248,0.84212136,0.9297949978514839
249,0.84424037,0.9299524314658911
250,0.84632969,0.930098803882464
251,0.84838998,0.930234729091896
252,0.85042197,0.9303609243486599
253,0.85242617,0.9304779611818211
254,0.85440308,0.9305864401719269
255,0.85635322,0.9306869203150312
256,0.85827708,0.9307799995519002
257,0.86017501,0.9308661008572127
258,0.86204755,0.9309458037791325
259,0.863895,0.9310194643728487
260,0.86571771,0.9310874801946817
261,0.86751616,0.9311502992104534
262,0.86929065,0.931208235329196
263,0.87104148,0.9312615625786391
264,0.87276906,0.9313106429570528
265,0.87447363,0.9313556300450461
266,0.87615561,0.9313969108947386
267,0.87781519,0.9314345667404103
268,0.87945282,0.931468950491714
269,0.88106871,0.93150015707756
270,0.88266313,0.9315283418938962
271,0.88423645,0.9315537429608712
272,0.88578886,0.9315764096151362
273,0.88732076,0.9315965965038712
274,0.88883233,0.9316143339157246
275,0.89032382,0.9316297389761068
276,0.89179558,0.9316430013861918
277,0.89324784,0.9316541676739376
278,0.89468092,0.9316634402135462
279,0.89609492,0.9316707243825272
280,0.89749026,0.9316762748802312
281,0.89886707,0.9316800548587376
282,0.90022564,0.9316821960315111
283,0.90156627,0.9316827023673004
284,0.90288907,0.9316814314860998
285,0.90419441,0.9316871895282385
286,0.90548241,0.9316899161012867
287,0.90677863,0.931715232593785
288,0.90803242,0.931712752802344
289,0.90926957,0.9317084290960739
290,0.91049039,0.9316940072115659
291,0.911695,0.9316795624069885
292,0.9128837,0.9316651580380195
293,0.9140566,0.9316505088781017
294,0.915214,0.9316355878700072
295,0.91635609,0.931620265823528
296,0.91748303,0.9316044598188887
297,0.91859502,0.9315881358552949
298,0.91969228,0.9315712753493653
299,0.92077506,0.9315539225316006
300,0.92184347,0.9315360091948561
301,0.9228977,0.931517545717624
302,0.92393798,0.9314985703297888
303,0.92496449,0.9314791086262706
304,0.92597741,0.9314591908989552
305,0.92697692,0.9314388338272472
306,0.9279632,0.9314180460738042
307,0.92893642,0.9313968569458166
308,0.92989671,0.9313752376108299
309,0.93084431,0.9313532938990353
310,0.93177933,0.9313309790758043
311,0.932702,0.9313084217262574
312,0.93361241,0.9312855319778147
313,0.93451083,0.9312624757578987
314,0.93539727,0.9312390986257664
315,0.93627203,0.9312155998492153
316,0.93713516,0.9311918572751526
317,0.93798691,0.9311680139130138
318,0.93882734,0.9311440040423706
319,0.93965662,0.9311198587078386
320,0.94047499,0.9310956851642788
321,0.94128245,0.9310713700199952
322,0.94207925,0.9310470390165037
323,0.94286549,0.9310226551518216
324,0.9436413,0.930998231610663
325,0.94440687,0.93097384164359
326,0.94516224,0.9309494020980732
327,0.94590765,0.9309250512489639
328,0.94664317,0.9309007114765989
329,0.94736898,0.9308764921510385
330,0.94808513,0.9308522920616292
331,0.94879186,0.9308282395767455
332,0.94948918,0.9308042235847117
333,0.95017725,0.930780325852125
334,0.95085621,0.9307565523466774
335,0.95152622,0.9307329462127019
336,0.95218736,0.9307095069262099
337,0.95283967,0.9306861663318156
338,0.9534834,0.9306630324922227
339,0.95411861,0.9306400905195613
340,0.95474535,0.9306172777332067
341,0.95536387,0.9305948138615001
342,0.9559741,0.9305725370029859
343,0.95657635,0.9305467210620418
344,0.95717055,0.9305217870001636
345,0.95774525,0.9304861110888185
346,0.95832402,0.930462927327602
347,0.95889509,0.9304402531829014
348,0.95945859,0.9304219841955648
349,0.96001464,0.930403479393289
350,0.9605633,0.9303847490043617
351,0.96110475,0.9303659751579966
352,0.96163899,0.9303471670217591
353,0.96216613,0.9303284064483475
354,0.96268636,0.930309800333426
355,0.96319968,0.9302913259600974
356,0.96370614,0.9302729880464428
357,0.96420592,0.9302548879371623
358,0.96469909,0.930237020466392
359,0.96518576,0.9302194583629475
360,0.96566594,0.9302021146822874
361,0.96613979,0.9301850696781849
362,0.96660733,0.930168269023588
363,0.96706867,0.9301517665839608
364,0.96752393,0.930135590291307
365,0.96797317,0.9301197259524575
366,0.96841645,0.9301041851805704
367,0.96885383,0.9300889129063624
368,0.96928549,0.9300740297466821
369,0.96971136,0.9300593796524791
370,0.97013164,0.9300451005076081
371,0.97054631,0.9300310733683316
372,0.97095549,0.9300173902023539
373,0.97135925,0.9300040169180319
374,0.97175771,0.9299910069246095
375,0.97215086,0.9299783030273525
376,0.97253877,0.9299658823129557
377,0.97292161,0.929953830617092
378,0.97329932,0.9299420498172035
379,0.97367203,0.9299306089294112
380,0.97403985,0.929919513599722
381,0.97440279,0.9299087459952725
382,0.97476089,0.9298982638051083
383,0.97511429,0.929888118943017
384,0.97546297,0.929878264051695
385,0.97580701,0.9298686937935942
386,0.97614658,0.9298595076468217
387,0.97648156,0.9298505532872692
388,0.97681212,0.9298419554517551
389,0.97713834,0.9298336665083405
390,0.97746027,0.929825747301277
391,0.97777784,0.9298180320509132
392,0.9780913,0.9298107122442337
393,0.97840053,0.9298036018346822
394,0.9787057,0.9297968452263428
395,0.97900683,0.9297903690886283
396,0.97930396,0.9297841921763813
397,0.97959715,0.9297783126711671
398,0.97988647,0.9297727312929265
399,0.98017198,0.9297674737192372
400,0.98045367,0.9297624503301855
401,0.98073167,0.9297577543247828
402,0.98100591,0.9297532618494777
403,0.98127657,0.9297491211070427
404,0.98154366,0.929745247731069
405,0.98180723,0.9297416873866917
406,0.98206723,0.9297383198356801
407,0.98232383,0.9297352657702866
408,0.98257703,0.9297324608761287
409,0.98282689,0.9297299662755354
410,0.98307341,0.9297276955140001
411,0.98331672,0.9297257402229642
412,0.98355675,0.9297239928193072
413,0.98379362,0.9297225155153821
414,0.98402739,0.9297213308170742
415,0.984258,0.9297203247063901
416,0.98448563,0.9297196465950429
417,0.98471016,0.9297191252145983
418,0.98493177,0.9297188913944149
419,0.98515046,0.9297188950189279
420,0.98536617,0.9297190763941314
421,0.98557907,0.9297195322505967
422,0.98578918,0.9297202426130816
423,0.98599648,0.9297211833046263
424,0.98620105,0.9297223512070932
425,0.98640293,0.9297237619005431
426,0.98660207,0.9297253133532755
427,0.98679864,0.9297271537061115
428,0.98699254,0.9297291293131462
429,0.98718393,0.9297313838193899
430,0.98737276,0.929733815287172
431,0.98755908,0.9297364590975957
432,0.98774296,0.9297393108366422
433,0.9879244,0.9297423642321282
434,0.98810339,0.9297455590962611
435,0.98828006,0.9297489985206414
436,0.98845434,0.9297525825823216
437,0.98862636,0.9297564184102924
438,0.98879611,0.9297604282680246
439,0.9889636,0.9297646221538552
440,0.98912883,0.9297689524521614
441,0.98929191,0.9297734911357672
442,0.98945284,0.9297781955794803
443,0.98961163,0.9297830766845443
444,0.98976827,0.9297880669815047
445,0.98992288,0.9297932710448802
446,0.99007541,0.9297986018773494
447,0.99022597,0.9298041513698891
448,0.99037451,0.9298098372068853
449,0.99052107,0.9298156651368189
450,0.99066573,0.9298216791064273
451,0.99080843,0.929827788734189
452,0.99094927,0.9298340886804123
453,0.99108821,0.9298404834779669
454,0.99122536,0.9298470768295979
455,0.99136066,0.9298537630931915
456,0.99149418,0.92986060060849
457,0.99162591,0.92986753595891
458,0.9917559,0.9298746162803992
459,0.99188417,0.929881811934486
460,0.99201077,0.9298891750357942
461,0.99213564,0.9298966006158277
462,0.99225891,0.929904214493567
463,0.9923805,0.9299118761002083
464,0.99250054,0.929919735834377
465,0.99261892,0.9299276204070847
466,0.9927358,0.9299356939194954
467,0.99285108,0.9299437996205899
468,0.99296486,0.9299520580135993
469,0.9930771,0.9299603758118266
470,0.9931879,0.9299688318056193
471,0.99329722,0.9299773793711816
472,0.99340504,0.9299859768047419
473,0.9935115,0.9299947325097645
474,0.99361652,0.9300035337210991
475,0.99372017,0.930012461301226
476,0.9938224,0.9300214276964677
477,0.99392331,0.9300305015205597
478,0.99402291,0.9300396881037354
479,0.99412113,0.9300489044754976
480,0.99421811,0.9300582394212837
481,0.99431378,0.9300676180137448
482,0.99440813,0.9300770275964471
483,0.99450129,0.9300865657907283
484,0.9945932,0.9300961462222918
485,0.99468392,0.9301058453244353
486,0.99477339,0.9301155538876744
487,0.99486172,0.9301253784172746
488,0.99494886,0.9301352234161351
489,0.99503487,0.9301451696097255
490,0.99511969,0.9301551113928216
491,0.99520344,0.930165147734574
492,0.99528605,0.9301752062357603
493,0.99536753,0.9301852998838758
494,0.99544799,0.9301954909522713
495,0.99552739,0.9302057209778977
496,0.99560571,0.9302159971290234
497,0.99568295,0.9302262550663339
498,0.99575925,0.9302366356733898
499,0.99583447,0.9302470020347852
500,0.99590874,0.9302574676778734
501,0.99598205,0.9302679797158835
502,0.99605435,0.9302784946090614
503,0.9961257,0.930289035314452
504,0.99619609,0.9302995821674678
505,0.99626553,0.9303101489375926
506,0.99633408,0.9303207765124176
507,0.99640173,0.9303314471262236
508,0.99646848,0.9303421427344412
509,0.99653435,0.9303528662829897
510,0.99659932,0.9303635680689357
511,0.99666345,0.9303743221448643
512,0.99672669,0.9303850585258651
513,0.99678916,0.9303958885626834
514,0.99685079,0.9304067098544737
515,0.99691159,0.9304175444075775
516,0.99697155,0.9304283412878969
517,0.99703074,0.9304391618721917
518,0.99708915,0.9304503684475889
519,0.99714679,0.9304615446973843
520,0.99720478,0.9304737833849106
521,0.99726093,0.9304848879684494
522,0.9973163,0.9304959442636277
523,0.9973709,0.9305065604428668
524,0.99742484,0.9305172852089756
525,0.99747801,0.9305280025676379
526,0.99753052,0.9305388030796596
527,0.99758232,0.9305496023957441
528,0.9976334,0.9305604015060243
529,0.99768382,0.9305712314584295
530,0.99773359,0.9305820902656512
531,0.99778271,0.9305929704978843
532,0.99783117,0.9306038378186031
533,0.99787897,0.9306146840269047
534,0.99792612,0.9306255112923024
535,0.99797267,0.9306363687691181
536,0.99801862,0.930647234140838
537,0.99806398,0.9306581076654449
538,0.99810869,0.9306689307371184
539,0.99815279,0.9306797229483875
540,0.99819636,0.9306905386838774
541,0.99823934,0.9307013361643682
542,0.99828172,0.9307121100048168
543,0.99832356,0.9307228919753672
544,0.99836487,0.9307336673664484
545,0.99840564,0.9307444521136788
546,0.99844581,0.930755142876972
547,0.99848551,0.9307658893857604
548,0.99852461,0.930776523284451
549,0.99856329,0.9307872486153922
550,0.99860138,0.9307978711980317
551,0.99863899,0.9308085065005157
552,0.99867612,0.9308191138512204
553,0.99871272,0.9308296658763868
554,0.99874884,0.9308402174252445
555,0.99878448,0.9308507270438847
556,0.99881971,0.9308612864870632
557,0.9988544,0.9308717500395073
558,0.99888867,0.9308822402259774
559,0.99892247,0.9308926641681342
560,0.99895585,0.9309030995607169
561,0.99898875,0.9309134719486925
562,0.99902123,0.9309238211428317
563,0.9990533,0.9309341631292805
564,0.99908489,0.9309444153714975
565,0.99911612,0.9309547033128405
566,0.99914688,0.9309648970538739
567,0.99917728,0.9309751126554052
568,0.99920726,0.9309852777074389
569,0.99923682,0.9309953943971135
570,0.99926603,0.9310055169236107
571,0.99929482,0.9310155817860827
572,0.99932325,0.9310256913795297
573,0.99935132,0.9310359545300234
574,0.99937898,0.931047274031724
575,0.99940628,0.9310610823845787
576,0.99943328,0.9310785862918027
577,0.99945986,0.9311004844981632
578,0.99948609,0.9311273184754282
579,0.99951196,0.9311585020856402
580,0.99953753,0.931192918339547
581,0.99956274,0.9312294690696808
582,0.9995876,0.9312673212460311
583,0.99961215,0.9313058882442271
584,0.99963635,0.9313446960819026
585,0.99966025,0.9313834750696226
586,0.99968386,0.9314219833420601
587,0.99970716,0.9314600552462491
588,0.99973011,0.9314975398597948
589,0.99975276,0.9315344163682705
590,0.99977511,0.9315706636276442
591,0.99979717,0.9316062679625274
592,0.99981898,0.9316412814221754
593,0.99984044,0.9316756032851016
594,0.99986166,0.9317093467338781
595,0.99988258,0.931742470903653
596,0.9999032,0.9321268173913757
597,0.99992359,0.933687825018411
598,0.99994367,0.9130344434971028
599,0.99996346,0.8584862436468411
600,0.92862928,0.7118806412499566
601,0.81011814,0.5066126553419988
602,0.71242952,0.3164001165724248
603,0.63179773,0.16521488757878
604,0.56513947,0.06442293245310485
605,0.50993031,0.0
606,0.46410331,0.0
607,0.42596599,0.0
608,0.39413267,0.0
609,0.36746871,0.0
610,0.34504497,0.0
611,0.32610074,0.0
612,0.310013,0.0
613,0.29627162,0.0
614,0.28445885,0.0
615,0.27423248,0.0
616,0.26531234,0.0
617,0.25746891,0.0
618,0.25051415,0.0
619,0.24429403,0.0
620,0.23868236,0.0
621,0.23357572,0.0
622,0.22888935,0.0
623,0.22455375,0.0011032355285561068
624,0.22051194,0.002175461755721625
625,0.2167172,0.003041069883392805
626,0.21313117,0.0037376773565966416
627,0.20972236,0.004296087959111222
628,0.2064649,0.004741504260229634
629,0.20333757,0.0050945693840723835
630,0.20032282,0.005372177244035182
631,0.19740631,0.0055881633180804805
632,0.19457614,0.005753843694641331
633,0.19182254,0.0058784920211040655
634,0.1891374,0.005979901713998415
635,0.18651401,0.006053872017375245
636,0.18399787,0.006105496950803408
637,0.18148123,0.006138945652883355
638,0.17901236,0.006157634903686943
639,0.176588,0.0061541395716502925
640,0.17420544,0.0061411582360115236
641,0.17186233,0.006120545199571109
642,0.16955675,0.0060938184309985936
643,0.16728702,0.006062215615349554
644,0.1650517,0.006026753366813476
645,0.16284955,0.005988257744284264
646,0.16067947,0.00594740345812963
647,0.15854052,0.005904744543425317
648,0.15643185,0.005860728771422213
649,0.15435272,0.005815725659131665
650,0.15230243,0.00577003360018874
651,0.15028037,0.005723895363053195
652,0.14828597,0.005677504977616022
653,0.1463187,0.005631026847556092
654,0.14437807,0.005584587769277715
655,0.14246364,0.0055382904213185265
656,0.14057495,0.005492222780649526
657,0.13871159,0.005446449842434265
658,0.13687319,0.0054010259732639836
659,0.13505934,0.005355992076353655
660,0.13326971,0.005311387989288686
661,0.13150391,0.0052672317061141834
662,0.12976164,0.005223548391349354
663,0.12804252,0.005180348695090098
664,0.12634626,0.005137646750330007
665,0.12467253,0.005095445635296273
666,0.12302102,0.005053754966430747
667,0.12139143,0.005012575846672821
668,0.11978346,0.004971907787069277
669,0.11819682,0.004931749424554006
670,0.11663121,0.004892101140073607
671,0.11508635,0.004852959574052046
672,0.11356198,0.004814320055845403
673,0.11205781,0.004776182963352613
674,0.11057357,0.004738544025808792
675,0.10910901,0.0047013945795782025
676,0.10766385,0.004664729785140778
677,0.10623783,0.004628546812184451
678,0.1048307,0.004592836999325384
679,0.10344222,0.004557595991968225
680,0.10207213,0.004522819062387232
681,0.10072019,0.0044885012151863
682,0.099386156,0.004454634881421277
683,0.098069794,0.0044212160020792235
684,0.096770868,0.004383187704172342
685,0.095489152,0.004345662769016992
686,0.094199158,0.0043086328962908095
687,0.092951506,0.004272092361118022
688,0.091720372,0.004236034069706712
689,0.090505548,0.00420550280929973
690,0.089306816,0.004175373097546331
691,0.088123962,0.004145642827217333
692,0.086956769,0.00411630511101899
693,0.085805044,0.004087354123297818
694,0.084668569,0.004058785140530366
695,0.083547145,0.004030594180554234
696,0.082440577,0.004002774240868629
697,0.081348665,0.00397532073555788
698,0.080271214,0.003948230531224184
699,0.079208031,0.003921496782507167
700,0.078158937,0.003895115966662477
701,0.077123731,0.003869083717247537
702,0.076102242,0.00384339445775167
703,0.075094283,0.0038180436333790234
704,0.074099667,0.003793027144239033
705,0.073118232,0.0037683397755870623
706,0.072149791,0.0037439760295420567
707,0.071194179,0.0037199339552553196
708,0.070251219,0.003696207779695668
709,0.069320753,0.0036727953365116696
710,0.068402611,0.0036496896954498785
711,0.067496635,0.0036268889914687604
712,0.066602647,0.003604389452854612
713,0.065720506,0.003582184828631585
714,0.064850055,0.0035602718170732813
715,0.063991122,0.003538647692271098
716,0.063143574,0.003517307720754158
717,0.062307246,0.003496246199682862
718,0.061481997,0.00347546202079244
719,0.060667675,0.0034549498223167426
720,0.059864141,0.0034347071504815625
721,0.05907125,0.003414730304844846
722,0.058288861,0.00339501633898866
723,0.057516836,0.0033755611474294307
724,0.056755036,0.003356360563324473
725,0.056003325,0.0033374118468643705
726,0.055261567,0.0033187118982122396
727,0.054529637,0.003300256893657422
728,0.053807404,0.003282042908104408
729,0.053094734,0.003264068136875996
730,0.052391499,0.0032463293187692146
731,0.051697582,0.003228821557711023
732,0.051012859,0.0032115429441458244
733,0.050337199,0.003194491776290849
734,0.049670491,0.0031776635817496153
735,0.049012616,0.003161054737478545
736,0.048363451,0.003144663690602241
737,0.047722884,0.0031284869785908804
738,0.047090802,0.0031125214495918625
739,0.046467092,0.0030967648817032695
740,0.045851644,0.0030812144025516275
741,0.045244347,0.0030658667088720574
742,0.044645093,0.00305304948444846
743,0.044053774,0.0030403988196127316
744,0.043481939,0.0030279130291306815
745,0.042906027,0.0030155898709768526
746,0.042337745,0.003003427563589599
747,0.041776989,0.0029890934046901867
748,0.04122366,0.0029749461876808618
749,0.040677659,0.0029609834194203382
750,0.040138889,0.0029472025373813355
751,0.039607257,0.002933601125937491
752,0.039082665,0.002920177333027002
753,0.038565021,0.002906928287021944
754,0.038054235,0.0028938519127310754
755,0.037550211,0.0028809461466421634
756,0.037052866,0.0028682079536038532
757,0.036562108,0.002855635741623014
758,0.036077846,0.0028432271770736112
759,0.035600003,0.002830980000565643
760,0.035128485,0.0028188920411266805
761,0.034663215,0.0028069616312017473
762,0.034204107,0.0027951860214478846
763,0.033751078,0.00278356359516002
764,0.033304051,0.0027720922810427736
765,0.032862943,0.0027607697691034395
766,0.03242768,0.0027495943227875547
767,0.03199818,0.0027385639933338543
768,0.031574368,0.00272767723273799
769,0.031156171,0.0027169315077828346
770,0.030743513,0.0027063253120534424
771,0.03033632,0.0026958571798438072
772,0.02993452,0.002685524898246012
773,0.029538043,0.002675326519570148
774,0.029146817,0.002665260174168612
775,0.028760772,0.0026553244819668394
776,0.028379839,0.0026455173652159807
777,0.028003953,0.002635837259951827
778,0.027633045,0.0026262825282599433
779,0.02726705,0.002616852068789203
780,0.026905902,0.002607543529496389
781,0.026549539,0.0025983555178553702
782,0.026197894,0.002589286412516118
783,0.025850907,0.0025803347737920804
784,0.025508516,0.0025714985555575485
785,0.02517066,0.0025627767146656323
786,0.024837278,0.0025541678221694657
787,0.024508312,0.0025456704736265424
788,0.024183704,0.0025372824991338775
789,0.023863396,0.0025290033737562214
790,0.023547327,0.0025208312272198452
791,0.023235448,0.002512764254132335
792,0.022927698,0.002504801323362144
793,0.022624023,0.002496941787798138
794,0.022324372,0.0024891834936662523
795,0.02202869,0.0024815253906774037
796,0.021736924,0.0024739663402965836
797,0.021449022,0.002466504725201869
798,0.021164933,0.0024591390587487645
799,0.020884607,0.002451868192704919
800,0.020607993,0.0024446913268696266
801,0.020335043,0.0024376068171448745
802,0.02006571,0.002430613584676629
803,0.019799942,0.0024237105237030427
804,0.019537695,0.0024168965105003963
805,0.019278921,0.0024101700108881347
806,0.019023575,0.002403530088982451
807,0.018771611,0.00239697601415805
808,0.018522983,0.0023905062699657044
809,0.018277651,0.002384119761203931
810,0.018035566,0.0023778154220491015
811,0.017796688,0.0023715924233955457
812,0.017560974,0.0023654489805609996
813,0.017328382,0.002359384759887524
814,0.01709887,0.0023533982869626572
815,0.016872399,0.002347488553027301
816,0.016648926,0.0023416548223460115
817,0.016428413,0.0023358960389249428
818,0.016210822,0.0023302112341395042
819,0.015996112,0.0023245993326657653
820,0.015784247,0.0023190597598535395
821,0.015575186,0.0023135908479290433
822,0.015368896,0.0023081922428599888
823,0.015165336,0.0023028627105255856
824,0.014964474,0.00229760174303962
825,0.014766272,0.0022924081650062883
826,0.014570695,0.0022872813397045067
827,0.014377709,0.002282220175652271
828,0.014187278,0.0022772239318495846
829,0.01399937,0.0022722916244855267
830,0.013813951,0.002267422432108502
831,0.013630987,0.0022626157020517535
832,0.013450447,0.00225787055554393
833,0.013272298,0.002253186094077796
834,0.013096509,0.0022485616041799552
835,0.012923048,0.0022439963637707104
836,0.012751884,0.0022394892467205415
837,0.012582988,0.0022350397289853984
838,0.012416327,0.002230647292837661
839,0.012251875,0.0022263110334011646
840,0.012089602,0.0022220298623971237
841,0.011929477,0.002217803714412506
842,0.011771472,0.0022136315507808005
843,0.011615561,0.002209512565774458
844,0.011461715,0.0022054459903600512
845,0.011309907,0.0022014314975376515
846,0.011160108,0.0021974684071596282
847,0.011012294,0.0021935556904498824
848,0.010866439,0.002189692974546341
849,0.010722514,0.002185879746922757
850,0.010580497,0.0021821151605111028
851,0.01044036,0.0021783982375045284
852,0.010302079,0.0021747288738456364
853,0.010165629,0.002171106043759741
854,0.010030987,0.0021675294039974835
855,0.009898128,0.0021639984975237933
856,0.009767029,0.002160512558249182
857,0.009637667,0.0021570709151439178
858,0.009510017,0.0021536731960298565
859,0.009384058,0.0021503187315051004
860,0.009259768,0.002147006759528651
861,0.009137124,0.0021437372282906908
862,0.009016104,0.0021405092008242466
863,0.008896688,0.0021373222579679587
864,0.008778852,0.0021341757031522945
865,0.008662578,0.00213106936510642
866,0.008547843,0.0021280022019521234
867,0.008434629,0.002124974304876429
868,0.008322913,0.0021219849018507242
869,0.008212678,0.002119033560492354
870,0.008103903,0.002116119391725916
871,0.007996568,0.002113242453881791
872,0.007890654,0.002110401754830983
873,0.007786144,0.002107597056226124
874,0.007683017,0.002104827876629934
875,0.007581257,0.002102094094656209
876,0.007480844,0.002099394951613321
877,0.007381762,0.002096730055315222
878,0.007283992,0.0020940989825822686
879,0.007187516,0.0020915014827440157
880,0.007092319,0.0020889366808328636
881,0.006998383,0.0020864042802849836
882,0.00690569,0.002083904166019063
883,0.006814225,0.0020814356070802467
884,0.006723972,0.0020789982595897545
885,0.006634914,0.0020765917693166594
886,0.006547036,0.002074215775138541
887,0.006460321,0.0020718699112562645
888,0.006374755,0.002069553610180002
889,0.006290323,0.002067266504890518
890,0.006207008,0.0020650084321721016
891,0.006124797,0.002062779035544516
892,0.006043675,0.0020605777671980074
893,0.005963628,0.0020584042964095126
894,0.005884641,0.00205625850026542
895,0.005806699,0.0020541398716053577
896,0.005729791,0.0020520479194637976
897,0.005653901,0.0020499823743630858
898,0.005579016,0.0020479429840971185
899,0.005505123,0.0020459291285568272
900,0.005432208,0.0020439408158406365
901,0.005360259,0.0020419774855576145
902,0.005289264,0.002040039009544903
903,0.005219208,0.0020381250947325152
904,0.005150081,0.0020362352847586866
905,0.005081869,0.002034369162369045
906,0.00501456,0.0020325267515457195
907,0.004948143,0.0020307073193942945
908,0.004882606,0.002028910978464948
909,0.004817936,0.00202713728875901
910,0.004754124,0.002025385859896535
911,0.004691156,0.002023656552809395
912,0.004629022,0.0020219490818385957
913,0.004567712,0.002020263016772011
914,0.004507213,0.002018598184545415
915,0.004447516,0.0020169544710658973
916,0.004388609,0.002015331223650069
917,0.004330483,0.0020135026526880324
918,0.004273126,0.002011697033111125
919,0.0042154,0.002009914506020123
920,0.004159567,0.002008154281254942
921,0.004104475,0.0020064164380809487
922,0.004050111,0.0020049265279676563
923,0.003996468,0.0020034553752842537
924,0.003943536,0.002002002680033258
925,0.003891304,0.002000568418635448
926,0.003839765,0.0019991520461639417
927,0.003788908,0.0019977532971997307
928,0.003738724,0.0019963721883007046
929,0.003689205,0.001995008419395416
930,0.003640342,0.001993661774694666
931,0.003592127,0.0019923319250883796
932,0.00354455,0.001991018828980191
933,0.003497602,0.0019897223342328495
934,0.003451277,0.0019884417788331335
935,0.003405566,0.001987177393361016
936,0.003360459,0.001985928901829036
937,0.003315951,0.0019846961230682424
938,0.003272031,0.001983478572440439
939,0.003228694,0.0019822764629264292
940,0.00318593,0.0019810893068238997
941,0.003143733,0.0019799171166553532
942,0.003102095,0.0019787596069089047
943,0.003061008,0.0019776165950113112
944,0.003020466,0.001976487802901385
945,0.00298046,0.0019753732579768086
946,0.002940984,0.001974272694656219
947,0.002902032,0.0019731857574860514
948,0.002863595,0.00197211240558149
949,0.002825667,0.001971034517184641
950,0.002788241,0.001969933892047893
951,0.002751221,0.001968811054718602
952,0.002714601,0.00196766645287546
953,0.002678466,0.0019665004528571393
954,0.00264281,0.001965331335499329
955,0.002607626,0.001964177294175706
956,0.002572908,0.001963038232701584
957,0.00253865,0.0019619137661038948
958,0.002504846,0.0019608038231430603
959,0.002471489,0.0019597082489319737
960,0.002438574,0.001958627006889963
961,0.002406095,0.001957559580183754
962,0.002374047,0.001956506173858247
963,0.002342422,0.001955466516159453
964,0.002311217,0.0019544404600279814
965,0.002280425,0.0019534275847841102
966,0.002250041,0.001952427997069193
967,0.002220059,0.0019514413323600275
968,0.002190474,0.0019504675557471978
969,0.002161281,0.001949506563016349
970,0.002132475,0.001948557981757488
971,0.002104051,0.0019475561252461104
972,0.002076002,0.0019463354499608988
973,0.002048326,0.0019442804162159326
974,0.002021016,0.0019404864272084005
975,0.001994067,0.0019341475590092367
976,0.001967476,0.001924679463422012
977,0.001941236,0.0019117777224608116
978,0.001915345,0.001895726102477579
979,0.001889796,0.0018772027820996079
980,0.001864585,0.0018568668102714328
981,0.001839709,0.0018352806567804216
982,0.001815162,0.0018128711558259285
983,0.00179094,0.0017899596981533557
984,0.001767039,0.0017667913567692732
985,0.001743455,0.0017435726602296178
986,0.001720182,0.0017204496223667935
987,0.001697218,0.0016975226000000001
988,0.001674559,0.0016748588000000003
989,0.001652199,0.0016524952000000004
990,0.001630136,0.0016304278
991,0.001608364,0.0016086526000000001
992,0.001586881,0.0015871658
993,0.001565683,0.0015659636000000003
994,0.001544765,0.0015450424
995,0.001524125,0.0015243982000000002
996,0.001503758,0.0015040274000000001
997,0.00148366,0.0014839266000000002
998,0.001463829,0.0014640918
999,0.001444261,0.0014445198000000003
1000,0.001424951,0.0014252070000000002
1001,0.001405898,0.00140615
1002,0.001387096,0.0013873454
1003,0.001368544,0.00136879
1004,0.001350238,0.0013504801999999999
1005,0.001332174,0.001332413
1006,0.001314349,0.001314585
1007,0.00129676,0.001296993
1008,0.001279404,0.001279634
1009,0.001262278,0.001262505
1010,0.001245379,0.001245603
1011,0.001228704,0.0012289248
1012,0.00121225,0.0012124676
1013,0.001196013,0.0011962283999999998
1014,0.001179992,0.0011802041999999999
1015,0.001164183,0.0011643922
1016,0.001148583,0.0011487898000000002
1017,0.00113319,0.001133394
1018,0.001118001,0.001118202
1019,0.001103013,0.0011032112
1020,0.001088223,0.001088419
1021,0.001073629,0.0010738226
1022,0.001059229,0.0010594196
1023,0.001045019,0.0010452074
1024,0.001030998,0.0010311834
1025,0.001017162,0.0010173452
1026,0.001003509,0.0010036902
1027,0.000990038,0.0009902160000000001
1028,0.000976744,0.0009769204000000002
1029,0.000963627,0.000963801
1030,0.000950684,0.0009508552
1031,0.000937912,0.000938081
1032,0.000925309,0.0009254760000000001
1033,0.000912873,0.0009130378
1034,0.000900602,0.0009007644
1035,0.000888493,0.0008886536000000001
1036,0.000876545,0.0008767032000000001
1037,0.000864755,0.000864911
1038,0.000853121,0.000853275
1039,0.000841641,0.000841793
1040,0.000830313,0.0008304632
1041,0.000819135,0.0008192834000000001
1042,0.000808106,0.0008082518
1043,0.000797222,0.0007973662
1044,0.000786483,0.0007866250000000001
1045,0.000775885,0.0007760258000000001
1046,0.000765429,0.0007655672
1047,0.00075511,0.000755247
1048,0.000744929,0.0007450636
1049,0.000734882,0.000735015
1050,0.000724968,0.0007250996
1051,0.000715186,0.0007153154
1052,0.000705533,0.0007056608
1053,0.000696008,0.000696134
1054,0.000686609,0.0006867334000000001
1055,0.000677334,0.0006774572000000001
1056,0.000668183,0.0006683040000000001
1057,0.000659152,0.0006592720000000001
1058,0.000650242,0.0006503598000000001
1059,0.000641449,0.0006415654
1060,0.000632773,0.0006328875999999999
1061,0.000624211,0.0006243246
1062,0.000615763,0.0006158752000000001
1063,0.000607427,0.0006075376
1064,0.000599202,0.0005993106
1065,0.000591085,0.0005911925999999999
1066,0.000583076,0.000583182
1067,0.000575173,0.0005752774
1068,0.000567374,0.0005674776
1069,0.000559679,0.0005597810000000001
1070,0.000552086,0.0005521864000000001
1071,0.000544593,0.0005446924000000001
1072,0.0005372,0.0005372976
1073,0.000529904,0.0005300008
1074,0.000522705,0.0005228008
1075,0.000515602,0.000515696
1076,0.000508593,0.0005086854000000001
1077,0.000501676,0.0005017676000000001
1078,0.000494851,0.0004949414000000001
1079,0.000488116,0.0004882056
1080,0.000481471,0.00048155900000000006
1081,0.000474914,0.0004750004000000001
1082,0.000468443,0.00046852880000000007
1083,0.000462058,0.0004621428
1084,0.000455758,0.0004558414
1085,0.000449541,0.00044962340000000004
1086,0.000443407,0.0004434878
1087,0.000437353,0.0004374334
1088,0.00043138,0.00043145939999999995
1089,0.000425486,0.00042556439999999994
1090,0.000419671,0.0004197476
1091,0.000413932,0.00041400780000000004
1092,0.000408269,0.000408344
1093,0.000402681,0.00040275520000000004
1094,0.000397167,0.00039724039999999996
1095,0.000391727,0.00039179860000000005
1096,0.000386358,0.000386429
1097,0.00038106,0.0003811306
1098,0.000375833,0.0003759022
1099,0.000370675,0.00037074300000000004
1100,0.000365585,0.0003656522
1101,0.000360562,0.00036062880000000005
1102,0.000355606,0.00035567180000000006
1103,0.000350716,0.0003507806
1104,0.00034589,0.0003459542
1105,0.000341129,0.00034119179999999997
1106,0.00033643,0.00033649240000000006
1107,0.000331794,0.0003318554
1108,0.000327219,0.00032727959999999997
1109,0.000322705,0.00032276440000000004
1110,0.00031825,0.000318309
1111,0.000313854,0.00031391260000000005
1112,0.000309517,0.0003095744000000001
1113,0.000305237,0.00030529380000000005
1114,0.000301014,0.00030107
1115,0.000296847,0.00029690200000000004
1116,0.000292735,0.0002927892
1117,0.000288677,0.0002887308
1118,0.000284673,0.0002847262
1119,0.000280722,0.0002807746
1120,0.000276824,0.0002768754
1121,0.000272977,0.00027302800000000003
1122,0.000269181,0.0002692316
1123,0.000265436,0.0002654854
1124,0.00026174,0.0002617888
1125,0.000258093,0.00025814120000000005
1126,0.000254494,0.00025454180000000006
1127,0.000250943,0.00025099
1128,0.000247439,0.0002474852
1129,0.000243981,0.0002440268
1130,0.000240569,0.00024061419999999998
1131,0.000237202,0.00023724679999999999
1132,0.00023388,0.0002339242
1133,0.000230602,0.00023064559999999999
1134,0.000227368,0.00022741040000000002
1135,0.000224176,0.000224218
1136,0.000221026,0.00022106800000000002
1137,0.000217918,0.0002179596
1138,0.000214852,0.0002148924
1139,0.000211826,0.0002118658
1140,0.00020884,0.0002088794
1141,0.000205893,0.0002059324
1142,0.000202986,0.0002030244
1143,0.000200117,0.000200155
1144,0.000197286,0.00019732360000000002
1145,0.000194493,0.00019452960000000002
1146,0.000191736,0.00019177280000000002
1147,0.000189016,0.00018905240000000002
1148,0.000186333,0.00018636800000000002
1149,0.000183684,0.0001837192
1150,0.000181071,0.0001811056
1151,0.000178492,0.0001785264
1152,0.000175948,0.0001759816
1153,0.000173437,0.0001734704
1154,0.00017096,0.0001709926
1155,0.000168515,0.00016854739999999998
1156,0.000166103,0.0001661346
1157,0.000163722,0.00016375380000000002
1158,0.000161373,0.00016140460000000002
1159,0.000159056,0.00015908640000000002
1160,0.000156769,0.000156799
1161,0.000154512,0.00015454200000000003
1162,0.000152285,0.00015231459999999998
1163,0.000150088,0.0001501168
1164,0.000147919,0.0001479482
1165,0.00014578,0.0001458082
1166,0.000143669,0.0001436966
1167,0.000141585,0.00014161300000000001
1168,0.00013953,0.000139557
1169,0.000137501,0.0001375282
1170,0.0001355,0.0001355264
1171,0.000133525,0.000133551
1172,0.000131576,0.00013160180000000002
1173,0.000129653,0.00012967840000000002
1174,0.000127755,0.0001277804
1175,0.000125883,0.00012590760000000001
1176,0.000124035,0.0001240596
1177,0.000122212,0.0001222362
1178,0.000120413,0.0001204368
1179,0.000118638,0.00011866120000000001
1180,0.000116886,0.00011690920000000002
1181,0.000115157,0.0001151804
1182,0.000113452,0.0001134744
1183,0.000111769,0.000111791
1184,0.000110108,0.00011013
1185,0.000108469,0.00010849099999999999
1186,0.000106852,0.00010687359999999999
1187,0.000105257,0.00010527779999999999
1188,0.000103682,0.0001037032
1189,0.000102129,0.0001021528
1190,0.000100596,0.0001006214
1191,9.91e-05,9.9105e-05
1192,9.76e-05,9.76192e-05
1193,9.61e-05,9.614e-05
1194,9.47e-05,9.468000000000001e-05
1195,9.32e-05,9.324000000000001e-05
1196,9.18e-05,9.182e-05
1197,9.04e-05,9.022083032600119e-05
1198,8.9e-05,7.158083032600118e-05
1199,8.77e-05,6.0136444006515814e-05
